{"cameraMode":{"drawMode":0,"name":"Shaded","section":"Shading Mode"},"sceneLighting":false,"audioPlay":false,"sceneViewState":{"showFog":true,"showMaterialUpdate":false,"showSkybox":true,"showFlares":true,"showImageEffects":true,"showParticleSystems":true},"in2DMode":false,"pivot":{"x":10.989999771118164,"y":2.4700000286102297,"z":-10.640000343322754},"rotation":{"x":0.07534165680408478,"y":-0.9170709252357483,"z":0.20844554901123048,"w":0.3314438462257385},"size":3.144956588745117,"orthographic":false}